[{"@type":"businessService","id":"@1","name":"AH_TRANSLATION","description":"This business service contains the swagger file to get data from Translation Portal(UAT env)","type":"WebService","connectionId":"@9iRx2wFh1bDd5nGFBSAuAA","businessOperations":[{"@type":"businessOperation","id":"@0kMLtTiMx31iiYJ1cmy0mX@GetTranslatedItems","originName":"GetTranslatedItems","name":"GetTranslatedItems","description":"","configured":false,"metadataId":"@4","requestId":"@5","responseId":"@6","faultId":"@3","extensionXmlId":"@2"}]}]