[{"@type":"fileRecord","id":"@6","name":"response","type":"XSD","size":10010,"attachTime":1591290771000},{"@type":"fileRecord","id":"@4","name":"metadata","type":"JSON","size":4863,"attachTime":1591290771000},{"@type":"fileRecord","id":"@5","name":"request","type":"XSD","size":6829,"attachTime":1591290771000},{"@type":"fileRecord","id":"@2","name":"extension","type":"XML","size":25984,"attachTime":1591290771000},{"@type":"fileRecord","id":"@3","name":"fault","type":"XSD","size":6260,"attachTime":1591290771000}]