[{"@type":"mappingTemplate","id":"@1","name":"yagnik_restv2_logincall","description":"","bundleVersion":"0","templateId":"@3","deployTime":1592415500000,"hasParameters":false,"valid":true,"fixedConnection":true,"hasParametersDeployed":false,"fixedConnectionDeployed":true,"tasks":0,"mappingPreviewFileRecordId":"@2","documentType":"","references":[{"@type":"reference","refObjectId":"@56uI0JHAwjCfV9M9e22tOq","refType":"connection"},{"@type":"reference","refObjectId":"@3wQvIpju0KAd3aCcz1szKU","refType":"connection"}]}]