[{"@type":"mappingTemplate","id":"@1","name":"Translation_to_MAXX_Sync","description":"This mapping is designed to fetch data from Translation portal using Web service and perform Insert/Update to MAXX based on business logic.","bundleVersion":"0","templateId":"@3","deployTime":1591290772000,"hasParameters":false,"valid":true,"fixedConnection":true,"hasParametersDeployed":false,"fixedConnectionDeployed":true,"tasks":1,"mappingPreviewFileRecordId":"@2","documentType":"","references":[{"@type":"reference","refObjectId":"@7s4rTiiqJI1k4JCpOY9wqf","refType":"connection"},{"@type":"reference","refObjectId":"@kNgNnfuaHeahqKhc0vl6O5","refType":"connection"},{"@type":"reference","refObjectId":"@h3pFSczx4s4kjRnps0RHyr","refType":"connection"},{"@type":"reference","refObjectId":"@a7ulYLmVzD7jdKSuzQWQIh","refType":"connection"},{"@type":"reference","refObjectId":"@0kMLtTiMx31iiYJ1cmy0mX","refType":"businessService"},{"@type":"reference","refObjectId":"@0kMLtTiMx31iiYJ1cmy0mX@GetTranslatedItems","refType":"businessOperation"}]}]